Start Dato;Slut Dato
12/12/2024;12/12/2024
12/12/2024;12/12/2024
12/12/2024;12/12/2024
12/12/2024;12/12/2024
12/12/2024;12/12/2024
12/12/2024;12/12/2024
12/12/2024;12/12/2024
12/12/2024;12/12/2024
12/12/2024;12/12/2024
12/12/2024;12/12/2024
12/12/2024;12/12/2024
12/12/2024;12/12/2024
12/12/2024;12/12/2024
12/12/2024;12/12/2024
12/12/2024;12/12/2024
12/12/2024;12/12/2024
12/12/2024;12/12/2024
12/12/2024;12/12/2024
12/12/2024;12/12/2024
12/12/2024;12/12/2024
12/12/2024;12/12/2024
12/12/2024;12/12/2024
12/12/2024;12/12/2024
12/12/2024;12/12/2024
12/12/2024;12/12/2024
12/12/2024;12/12/2024
12/12/2024;12/12/2024
12/12/2024;12/12/2024
12/12/2024;12/12/2024
12/12/2024;12/12/2024
12/12/2024;12/12/2024
12/12/2024;12/12/2024
12/12/2024;12/12/2024
12/12/2024;12/12/2024
12/12/2024;12/12/2024
12/12/2024;12/12/2024
12/12/2024;12/12/2024
